Mat_2008,No_2008,Runs_2008,HS_2008,Avg_2008,BF_2008,SR_2008,100_2008,50_2008,4s_2008,6s_2008,CT_2008,ST_2008,Mat_2009,No_2009,Runs_2009,HS_2009,Avg_2009,BF_2009,SR_2009,100_2009,50_2009,4s_2009,6s_2009,CT_2009,ST_2009,player_id,player_name,Mat_2010,No_2010,Runs_2010,HS_2010,Avg_2010,BF_2010,SR_2010,100_2010,50_2010,4s_2010,6s_2010,CT_2010,ST_2010,Mat_2011,No_2011,Runs_2011,HS_2011,Avg_2011,BF_2011,SR_2011,100_2011,50_2011,4s_2011,6s_2011,CT_2011,ST_2011,Mat_2012,No_2012,Runs_2012,HS_2012,Avg_2012,BF_2012,SR_2012,100_2012,50_2012,4s_2012,6s_2012,CT_2012,ST_2012,Mat_2013,No_2013,Runs_2013,HS_2013,Avg_2013,BF_2013,SR_2013,100_2013,50_2013,4s_2013,6s_2013,CT_2013,ST_2013,Mat_2014,No_2014,Runs_2014,HS_2014,Avg_2014,BF_2014,SR_2014,100_2014,50_2014,4s_2014,6s_2014,CT_2014,ST_2014,Mat_2015,No_2015,Runs_2015,HS_2015,Avg_2015,BF_2015,SR_2015,100_2015,50_2015,4s_2015,6s_2015,CT_2015,ST_2015,Mat_2018,No_2018,Runs_2018,HS_2018,Avg_2018,BF_2018,SR_2018,100_2018,50_2018,4s_2018,6s_2018,CT_2018,ST_2018,Mat_2019,No_2019,Runs_2019,HS_2019,Avg_2019,BF_2019,SR_2019,100_2019,50_2019,4s_2019,6s_2019,CT_2019,ST_2019,Mat_2020,No_2020,Runs_2020,HS_2020,Avg_2020,BF_2020,SR_2020,100_2020,50_2020,4s_2020,6s_2020,CT_2020,ST_2020,Mat_2021,No_2021,Runs_2021,HS_2021,Avg_2021,BF_2021,SR_2021,100_2021,50_2021,4s_2021,6s_2021,CT_2021,ST_2021,Mat_2022,No_2022,Runs_2022,HS_2022,Avg_2022,BF_2022,SR_2022,100_2022,50_2022,4s_2022,6s_2022,CT_2022,ST_2022,Mat_2023,No_2023,Runs_2023,HS_2023,Avg_2023,BF_2023,SR_2023,100_2023,50_2023,4s_2023,6s_2023,CT_2023,ST_2023,Mat_2024,No_2024,Runs_2024,HS_2024,Avg_2024,BF_2024,SR_2024,100_2024,50_2024,4s_2024,6s_2024,CT_2024,ST_2024
14,2,135,36*,19.28,103,131.06,0,0,11,6,7,0,13,2,295,42,26.81,266,110.90,0,0,21,6,4,0,https://www.iplt20.com/teams/rajasthan-royals/squad-details/9,Ravindra Jadeja,,,,,,,,,,,,,,,,,,,,,,,,,,,,,,,,,,,,,,,,,,,,,,,,,,,,,,,,,,,,,,,,,,,,,,,,,,,,,,,,,,,,,,,,,,,,,,,,,,,,,,,,,,,,,,,,,,,,,,,,,,,,,,,,,,,,,,,,,,,,,,,,,,,,,,,,,,,,,,,,,,,,,,,,,
,,,,,,,,,,,,,,,,,,,,,,,,,,https://www.iplt20.com/teams/rajasthan-royals/squad-details/167,Aaron Finch,1,0,21,21,21.00,21,100.00,0,0,0,1,0,0,,,,,,,,,,,,,,,,,,,,,,,,,,,,,,,,,,,,,,,,,,,,,,,,,,,,,,,,,,,,,,,,,,,,,,,,,,,,,,,,,,,,,,,,,,,,,,,,,,,,,,,,,,,,,,,,,,,,,,,,,,,,,,,,,,,,,,,,,,,,,,,,,,,,,,,,,,,,
,,,,,,,,,,,,,,,,,,,,,,,,,,https://www.iplt20.com/teams/rajasthan-royals/squad-details/135,Ajinkya Rahane,,,,,,,,,,,,,,10,1,120,52,20.00,98,122.44,0,1,12,2,1,0,16,2,560,103*,40.00,433,129.33,1,3,73,10,11,0,18,4,488,68*,34.85,458,106.55,0,4,42,11,10,0,13,0,339,72,28.25,291,116.49,0,3,38,3,6,0,14,2,540,91*,49.09,413,130.75,0,4,53,13,3,0,15,1,370,65*,28.46,313,118.21,0,1,39,5,4,0,14,1,393,105*,32.75,285,137.89,1,1,45,9,5,0,,,,,,,,,,,,,,,,,,,,,,,,,,,,,,,,,,,,,,,,,,,,,,,,,,,,,,,,,,,,,,,,,
,,,,,,,,,,,,,,,,,,,,,,,,,,https://www.iplt20.com/teams/rajasthan-royals/squad-details/140,Deepak Chahar,,,,,,,,,,,,,,,,,,,,,,,,,,,,,,,,,,,,,,,,,,,,,,,,,,,,,,,,,,,,,,,,,,,,,,,,,,,,,,,,,,,,,,,,,,,,,,,,,,,,,,,,,,,,,,,,,,,,,,,,,,,,,,,,,,,,,,,,,,,,,,,,,,,,,,,,,,,,,,,,,,,,,,,,,
,,,,,,,,,,,,,,,,,,,,,,,,,,https://www.iplt20.com/teams/rajasthan-royals/squad-details/258,Sanju Samson,,,,,,,,,,,,,,,,,,,,,,,,,,,,,,,,,,,,,,,,11,2,206,63,25.75,178,115.73,0,1,19,5,13,0,13,0,339,74,26.07,273,124.17,0,2,25,17,5,2,14,1,204,76,20.40,163,125.15,0,1,16,8,9,0,15,1,441,92*,31.50,320,137.81,0,3,30,19,5,0,12,2,342,102*,34.20,230,148.69,1,0,28,13,4,1,14,1,375,85,28.84,236,158.89,0,3,21,26,9,2,14,2,484,119,40.33,354,136.72,1,2,45,17,7,4,17,1,458,55,28.63,312,146.79,0,2,43,26,14,2,14,2,362,66*,30.17,236,153.39,0,3,25,24,3,3,15,4,531,86,48.27,346,153.47,0,5,48,24,6,1
,,,,,,,,,,,,,,,,,,,,,,,,,,https://www.iplt20.com/teams/rajasthan-royals/squad-details/276,Karun Nair,,,,,,,,,,,,,,,,,,,,,,,,,,,,,,,,,,,,,,,,,,,,,,,,,,,,,11,1,330,73*,33.00,232,142.24,0,3,38,9,4,0,14,1,181,61,16.45,145,124.82,0,1,18,5,3,0,,,,,,,,,,,,,,,,,,,,,,,,,,,,,,,,,,,,,,,,,,,,,,,,,,,,,,,,,,,,,,,,,,,,,,,,,,,,,,,,,,,,,,,,,,,
,,,,,,,,,,,,,,,,,,,,,,,,,,https://www.iplt20.com/teams/rajasthan-royals/squad-details/1556,Deepak Hooda,,,,,,,,,,,,,,,,,,,,,,,,,,,,,,,,,,,,,,,,,,,,,,,,,,,,,,,,,,,,,,,,,,14,0,151,54,16.77,95,158.94,0,1,6,11,1,0,,,,,,,,,,,,,,,,,,,,,,,,,,,,,,,,,,,,,,,,,,,,,,,,,,,,,,,,,,,,,,,,,,,,,,,,,,,,,,,,,,,,,,,,,,,
,,,,,,,,,,,,,,,,,,,,,,,,,,https://www.iplt20.com/teams/rajasthan-royals/squad-details/1749,Rahul Tewatia,,,,,,,,,,,,,,,,,,,,,,,,,,,,,,,,,,,,,,,,,,,,,,,,,,,,,3,0,16,16,16.00,13,123.07,0,0,0,1,0,0,1,0,0,0,0.00,0,0.00,0,0,0,0,0,0,,,,,,,,,,,,,,,,,,,,,,,,,,,14,5,255,53,42.50,183,139.34,0,1,13,17,9,0,14,1,155,44,15.50,147,105.44,0,0,11,6,2,0,,,,,,,,,,,,,,,,,,,,,,,,,,,,,,,,,,,,,,,
,,,,,,,,,,,,,,,,,,,,,,,,,,https://www.iplt20.com/teams/rajasthan-royals/squad-details/307,Tim Southee,,,,,,,,,,,,,,,,,,,,,,,,,,,,,,,,,,,,,,,,,,,,,,,,,,,,,3,0,4,4,4.00,4,100.00,0,0,1,0,2,0,7,2,13,7*,13.00,9,144.44,0,0,1,0,4,0,,,,,,,,,,,,,,,,,,,,,,,,,,,,,,,,,,,,,,,,,,,,,,,,,,,,,,,,,,,,,,,,,,,,,,,,,,,,,,,,,,,,,,,,,,,
,,,,,,,,,,,,,,,,,,,,,,,,,,https://www.iplt20.com/teams/rajasthan-royals/squad-details/509,Jos Buttler,,,,,,,,,,,,,,,,,,,,,,,,,,,,,,,,,,,,,,,,,,,,,,,,,,,,,,,,,,,,,,,,,,,,,,,,,,,,,,,13,3,548,95*,54.80,353,155.24,0,5,52,21,9,1,8,0,311,89,38.87,205,151.70,0,3,38,14,8,0,13,2,328,70*,32.80,227,144.49,0,2,27,16,6,0,7,0,254,124,36.28,166,153.01,1,0,27,13,3,0,17,2,863,116,57.53,579,149.05,4,4,83,45,9,0,14,0,392,95,28.00,282,139.01,0,4,42,14,9,0,11,2,359,107*,39.89,255,140.78,2,0,36,12,3,0
,,,,,,,,,,,,,,,,,,,,,,,,,,https://www.iplt20.com/teams/rajasthan-royals/squad-details/3869,Heinrich Klaasen,,,,,,,,,,,,,,,,,,,,,,,,,,,,,,,,,,,,,,,,,,,,,,,,,,,,,,,,,,,,,,,,,,,,,,,,,,,,,,,4,1,57,32,19.00,47,121.27,0,0,5,1,3,4,,,,,,,,,,,,,,,,,,,,,,,,,,,,,,,,,,,,,,,,,,,,,,,,,,,,,,,,,,,,,,,,,,,,,,,,,,,,,,
,,,,,,,,,,,,,,,,,,,,,,,,,,https://www.iplt20.com/teams/rajasthan-royals/squad-details/3838,Rahul Tripathi,,,,,,,,,,,,,,,,,,,,,,,,,,,,,,,,,,,,,,,,,,,,,,,,,,,,,,,,,,,,,,,,,,,,,,,,,,,,,,,12,3,226,80*,25.11,167,135.32,0,1,18,8,4,0,8,1,141,50,23.50,118,119.49,0,1,13,2,3,0,,,,,,,,,,,,,,,,,,,,,,,,,,,,,,,,,,,,,,,,,,,,,,,,,,,,,,,,,,,,,,,,,
,,,,,,,,,,,,,,,,,,,,,,,,,,https://www.iplt20.com/teams/rajasthan-royals/squad-details/1154,Ben Stokes,,,,,,,,,,,,,,,,,,,,,,,,,,,,,,,,,,,,,,,,,,,,,,,,,,,,,,,,,,,,,,,,,,,,,,,,,,,,,,,13,1,196,45,16.33,161,121.73,0,0,13,6,6,0,9,3,123,46,20.50,99,124.24,0,0,8,4,3,0,8,1,285,107*,40.71,200,142.50,1,1,36,7,6,0,1,0,0,0*,0.00,3,0.00,0,0,0,0,0,0,,,,,,,,,,,,,,,,,,,,,,,,,,,,,,,,,,,,,,,
,,,,,,,,,,,,,,,,,,,,,,,,,,https://www.iplt20.com/teams/rajasthan-royals/squad-details/1748,Shreyas Gopal,,,,,,,,,,,,,,,,,,,,,,,,,,,,,,,,,,,,,,,,,,,,,,,,,,,,,,,,,,,,,,,,,,,,,,,,,,,,,,,11,1,50,24,16.66,45,111.11,0,0,5,0,3,0,14,3,63,19*,15.75,46,136.95,0,0,8,1,5,0,14,1,37,23*,9.25,39,94.87,0,0,3,0,2,0,3,1,7,7*,7.00,5,140.00,0,0,0,1,0,0,,,,,,,,,,,,,,,,,,,,,,,,,,,,,,,,,,,,,,,
,,,,,,,,,,,,,,,,,,,,,,,,,,https://www.iplt20.com/teams/rajasthan-royals/squad-details/3834,Krishnappa Gowtham,,,,,,,,,,,,,,,,,,,,,,,,,,,,,,,,,,,,,,,,,,,,,,,,,,,,,,,,,,,,,,,,,,,,,,,,,,,,,,,15,4,126,33*,14.00,64,196.87,0,0,9,9,10,0,7,1,18,9,6.00,19,94.73,0,0,1,1,0,0,,,,,,,,,,,,,,,,,,,,,,,,,,,,,,,,,,,,,,,,,,,,,,,,,,,,,,,,,,,,,,,,,
,,,,,,,,,,,,,,,,,,,,,,,,,,https://www.iplt20.com/teams/rajasthan-royals/squad-details/2970,Mahipal Lomror,,,,,,,,,,,,,,,,,,,,,,,,,,,,,,,,,,,,,,,,,,,,,,,,,,,,,,,,,,,,,,,,,,,,,,,,,,,,,,,2,1,20,11,20.00,21,95.23,0,0,1,0,0,0,2,0,8,8,8.00,3,266.66,0,0,2,0,1,0,3,0,59,47,19.66,54,109.25,0,0,2,3,0,0,4,1,94,43,31.33,73,128.76,0,0,3,6,0,0,,,,,,,,,,,,,,,,,,,,,,,,,,,,,,,,,,,,,,,
,,,,,,,,,,,,,,,,,,,,,,,,,,https://www.iplt20.com/teams/rajasthan-royals/squad-details/3502,Jofra Archer,,,,,,,,,,,,,,,,,,,,,,,,,,,,,,,,,,,,,,,,,,,,,,,,,,,,,,,,,,,,,,,,,,,,,,,,,,,,,,,10,3,15,8,3.00,21,71.42,0,0,2,0,1,0,11,3,67,27*,33.50,40,167.50,0,0,4,4,3,0,14,4,113,27*,18.83,63,179.36,0,0,5,10,5,0,,,,,,,,,,,,,,,,,,,,,,,,,,,,,,,,,,,,,,,,,,,,,,,,,,,,
,,,,,,,,,,,,,,,,,,,,,,,,,,https://www.iplt20.com/teams/rajasthan-royals/squad-details/817,Dushmantha Chameera,,,,,,,,,,,,,,,,,,,,,,,,,,,,,,,,,,,,,,,,,,,,,,,,,,,,,,,,,,,,,,,,,,,,,,,,,,,,,,,,,,,,,,,,,,,,,,,,,,,,,,,,,,,,,,,,,,,,,,,,,,,,,,,,,,,,,,,,,,,,,,,,,,,,,,,,,,,,,,,,,,,,,,,,,
,,,,,,,,,,,,,,,,,,,,,,,,,,https://www.iplt20.com/teams/rajasthan-royals/squad-details/86,Jaydev Unadkat,,,,,,,,,,,,,,,,,,,,,,,,,,,,,,,,,,,,,,,,,,,,,,,,,,,,,,,,,,,,,,,,,,,,,,,,,,,,,,,15,3,49,26,12.25,38,128.94,0,0,6,1,6,0,11,3,1,1,1.00,3,33.33,0,0,0,0,4,0,7,0,9,9,9.00,13,69.23,0,0,0,0,1,0,6,1,41,24,20.50,29,141.37,0,0,3,2,1,0,,,,,,,,,,,,,,,,,,,,,,,,,,,,,,,,,,,,,,,
,,,,,,,,,,,,,,,,,,,,,,,,,,https://www.iplt20.com/teams/rajasthan-royals/squad-details/1285,Ashton Turner,,,,,,,,,,,,,,,,,,,,,,,,,,,,,,,,,,,,,,,,,,,,,,,,,,,,,,,,,,,,,,,,,,,,,,,,,,,,,,,,,,,,,,,,,,,,4,1,3,3*,1.00,10,30.00,0,0,0,0,0,0,,,,,,,,,,,,,,,,,,,,,,,,,,,,,,,,,,,,,,,,,,,,,,,,,,,,,,,,,,,,,,,,,
,,,,,,,,,,,,,,,,,,,,,,,,,,https://www.iplt20.com/teams/rajasthan-royals/squad-details/4445,Riyan Parag,,,,,,,,,,,,,,,,,,,,,,,,,,,,,,,,,,,,,,,,,,,,,,,,,,,,,,,,,,,,,,,,,,,,,,,,,,,,,,,,,,,,,,,,,,,,7,0,160,50,32.00,126,126.98,0,1,17,5,5,0,12,1,86,42*,12.28,77,111.68,0,0,6,3,1,0,11,2,93,25,11.62,83,112.04,0,0,6,4,6,0,17,3,183,56*,16.64,132,138.64,0,1,11,10,17,0,7,1,78,20,13.00,66,118.18,0,0,4,5,1,0,15,3,573,84*,52.09,384,149.22,0,4,40,33,7,0
,,,,,,,,,,,,,,,,,,,,,,,,,,https://www.iplt20.com/teams/rajasthan-royals/squad-details/3261,Shashank Singh,,,,,,,,,,,,,,,,,,,,,,,,,,,,,,,,,,,,,,,,,,,,,,,,,,,,,,,,,,,,,,,,,,,,,,,,,,,,,,,,,,,,,,,,,,,,,,,,,,,,,,,,,,,,,,,,,,,,,,,,,,,,,,,,,,,,,,,,,,,,,,,,,,,,,,,,,,,,,,,,,,,,,,,,,
,,,,,,,,,,,,,,,,,,,,,,,,,,https://www.iplt20.com/teams/rajasthan-royals/squad-details/1085,Manan Vohra,,,,,,,,,,,,,,,,,,,,,,,,,,,,,,,,,,,,,,,,,,,,,,,,,,,,,,,,,,,,,,,,,,,,,,,,,,,,,,,,,,,,,,,,,,,,,,,,,,,,,,,,,,,,,,,,,,,,,,4,0,42,14,10.50,39,107.69,0,0,5,2,0,0,,,,,,,,,,,,,,,,,,,,,,,,,,,,,,,,,,,,,,,
,,,,,,,,,,,,,,,,,,,,,,,,,,https://www.iplt20.com/teams/rajasthan-royals/squad-details/3644,Liam Livingstone,,,,,,,,,,,,,,,,,,,,,,,,,,,,,,,,,,,,,,,,,,,,,,,,,,,,,,,,,,,,,,,,,,,,,,,,,,,,,,,,,,,,,,,,,,,,4,1,70,44,23.33,48,145.83,0,0,6,5,4,0,,,,,,,,,,,,,,5,0,42,25,8.40,41,102.43,0,0,3,1,3,0,,,,,,,,,,,,,,,,,,,,,,,,,,,,,,,,,,,,,,,
,,,,,,,,,,,,,,,,,,,,,,,,,,https://www.iplt20.com/teams/rajasthan-royals/squad-details/61,Varun Aaron,,,,,,,,,,,,,,,,,,,,,,,,,,,,,,,,,,,,,,,,,,,,,,,,,,,,,,,,,,,,,,,,,,,,,,,,,,,,,,,,,,,,,,,,,,,,5,1,3,3*,0.00,7,42.85,0,0,0,0,1,0,3,2,1,1,1.00,10,10.00,0,0,0,0,0,0,,,,,,,,,,,,,,,,,,,,,,,,,,,,,,,,,,,,,,,,,,,,,,,,,,,,
,,,,,,,,,,,,,,,,,,,,,,,,,,https://www.iplt20.com/teams/rajasthan-royals/squad-details/10788,Anuj Rawat,,,,,,,,,,,,,,,,,,,,,,,,,,,,,,,,,,,,,,,,,,,,,,,,,,,,,,,,,,,,,,,,,,,,,,,,,,,,,,,,,,,,,,,,,,,,,,,,,,,,,,,,,,,,,,,,,,,,,,2,0,0,0*,0.00,1,0.00,0,0,0,0,3,0,,,,,,,,,,,,,,,,,,,,,,,,,,,,,,,,,,,,,,,
,,,,,,,,,,,,,,,,,,,,,,,,,,https://www.iplt20.com/teams/rajasthan-royals/squad-details/13538,Yashasvi Jaiswal,,,,,,,,,,,,,,,,,,,,,,,,,,,,,,,,,,,,,,,,,,,,,,,,,,,,,,,,,,,,,,,,,,,,,,,,,,,,,,,,,,,,,,,,,,,,,,,,,,,,,,,,,3,0,40,34,13.33,44,90.90,0,0,2,2,1,0,10,0,249,50,24.90,168,148.21,0,1,32,10,3,0,10,0,258,68,25.80,194,132.99,0,2,28,10,2,0,14,1,625,124,48.08,382,163.61,1,5,82,26,8,0,15,1,435,104*,31.07,279,155.91,1,1,54,16,4,0
,,,,,,,,,,,,,,,,,,,,,,,,,,https://www.iplt20.com/teams/rajasthan-royals/squad-details/187,David Miller,,,,,,,,,,,,,,,,,,,,,,,,,,,,,,,,,,,,,,,,,,,,,,,,,,,,,,,,,,,,,,,,,,,,,,,,,,,,,,,,,,,,,,,,,,,,,,,,,,,,,,,,,1,0,0,0,0.00,0,0.00,0,0,0,0,0,0,9,3,124,62,24.80,113,109.73,0,1,11,3,4,0,,,,,,,,,,,,,,,,,,,,,,,,,,,,,,,,,,,,,,,
,,,,,,,,,,,,,,,,,,,,,,,,,,https://www.iplt20.com/teams/rajasthan-royals/squad-details/127,Robin Uthappa,,,,,,,,,,,,,,,,,,,,,,,,,,,,,,,,,,,,,,,,,,,,,,,,,,,,,,,,,,,,,,,,,,,,,,,,,,,,,,,,,,,,,,,,,,,,,,,,,,,,,,,,,12,0,196,41,16.33,164,119.51,0,0,19,7,3,0,,,,,,,,,,,,,,,,,,,,,,,,,,,,,,,,,,,,,,,,,,,,,,,,,,,,
,,,,,,,,,,,,,,,,,,,,,,,,,,https://www.iplt20.com/teams/rajasthan-royals/squad-details/10059,Kartik Tyagi,,,,,,,,,,,,,,,,,,,,,,,,,,,,,,,,,,,,,,,,,,,,,,,,,,,,,,,,,,,,,,,,,,,,,,,,,,,,,,,,,,,,,,,,,,,,,,,,,,,,,,,,,10,2,4,2*,4.00,6,66.66,0,0,0,0,2,0,4,1,2,1*,2.00,4,50.00,0,0,0,0,1,0,,,,,,,,,,,,,,,,,,,,,,,,,,,,,,,,,,,,,,,
,,,,,,,,,,,,,,,,,,,,,,,,,,https://www.iplt20.com/teams/rajasthan-royals/squad-details/1106,Ankit Rajpoot,,,,,,,,,,,,,,,,,,,,,,,,,,,,,,,,,,,,,,,,,,,,,,,,,,,,,,,,,,,,,,,,,,,,,,,,,,,,,,,,,,,,,,,,,,,,,,,,,,,,,,,,,6,1,9,7*,9.00,10,90.00,0,0,0,1,0,0,,,,,,,,,,,,,,,,,,,,,,,,,,,,,,,,,,,,,,,,,,,,,,,,,,,,
,,,,,,,,,,,,,,,,,,,,,,,,,,https://www.iplt20.com/teams/rajasthan-royals/squad-details/4951,Mayank Markande,,,,,,,,,,,,,,,,,,,,,,,,,,,,,,,,,,,,,,,,,,,,,,,,,,,,,,,,,,,,,,,,,,,,,,,,,,,,,,,,,,,,,,,,,,,,,,,,,,,,,,,,,,,,,,,,,,,,,,1,0,0,0,0.00,0,0.00,0,0,0,0,0,0,,,,,,,,,,,,,,,,,,,,,,,,,,,,,,,,,,,,,,,
,,,,,,,,,,,,,,,,,,,,,,,,,,https://www.iplt20.com/teams/rajasthan-royals/squad-details/12585,Akash Singh,,,,,,,,,,,,,,,,,,,,,,,,,,,,,,,,,,,,,,,,,,,,,,,,,,,,,,,,,,,,,,,,,,,,,,,,,,,,,,,,,,,,,,,,,,,,,,,,,,,,,,,,,,,,,,,,,,,,,,,,,,,,,,,,,,,,,,,,,,,,,,,,,,,,,,,,,,,,,,,,,,,,,,,,,
,,,,,,,,,,,,,,,,,,,,,,,,,,https://www.iplt20.com/teams/rajasthan-royals/squad-details/3646,Tom Curran,,,,,,,,,,,,,,,,,,,,,,,,,,,,,,,,,,,,,,,,,,,,,,,,,,,,,,,,,,,,,,,,,,,,,,,,,,,,,,,,,,,,,,,,,,,,,,,,,,,,,,,,,5,3,83,54*,83.00,62,133.87,0,1,5,3,1,0,,,,,,,,,,,,,,,,,,,,,,,,,,,,,,,,,,,,,,,,,,,,,,,,,,,,
,,,,,,,,,,,,,,,,,,,,,,,,,,https://www.iplt20.com/teams/rajasthan-royals/squad-details/3027,Glenn Phillips,,,,,,,,,,,,,,,,,,,,,,,,,,,,,,,,,,,,,,,,,,,,,,,,,,,,,,,,,,,,,,,,,,,,,,,,,,,,,,,,,,,,,,,,,,,,,,,,,,,,,,,,,,,,,,,,,,,,,,3,1,26,14*,13.00,33,78.78,0,0,1,2,1,0,,,,,,,,,,,,,,,,,,,,,,,,,,,,,,,,,,,,,,,
,,,,,,,,,,,,,,,,,,,,,,,,,,https://www.iplt20.com/teams/rajasthan-royals/squad-details/872,Evin Lewis,,,,,,,,,,,,,,,,,,,,,,,,,,,,,,,,,,,,,,,,,,,,,,,,,,,,,,,,,,,,,,,,,,,,,,,,,,,,,,,,,,,,,,,,,,,,,,,,,,,,,,,,,,,,,,,,,,,,,,5,0,151,58,30.20,93,162.36,0,1,18,7,0,0,,,,,,,,,,,,,,,,,,,,,,,,,,,,,,,,,,,,,,,
,,,,,,,,,,,,,,,,,,,,,,,,,,https://www.iplt20.com/teams/rajasthan-royals/squad-details/5431,Shivam Dube,,,,,,,,,,,,,,,,,,,,,,,,,,,,,,,,,,,,,,,,,,,,,,,,,,,,,,,,,,,,,,,,,,,,,,,,,,,,,,,,,,,,,,,,,,,,,,,,,,,,,,,,,,,,,,,,,,,,,,9,1,230,64*,28.75,193,119.17,0,1,18,10,2,0,,,,,,,,,,,,,,,,,,,,,,,,,,,,,,,,,,,,,,,
,,,,,,,,,,,,,,,,,,,,,,,,,,https://www.iplt20.com/teams/rajasthan-royals/squad-details/12480,Kuldip Yadav,,,,,,,,,,,,,,,,,,,,,,,,,,,,,,,,,,,,,,,,,,,,,,,,,,,,,,,,,,,,,,,,,,,,,,,,,,,,,,,,,,,,,,,,,,,,,,,,,,,,,,,,,,,,,,,,,,,,,,1,1,0,0*,0.00,4,0.00,0,0,0,0,0,0,,,,,,,,,,,,,,,,,,,,,,,,,,,,,,,,,,,,,,,
,,,,,,,,,,,,,,,,,,,,,,,,,,https://www.iplt20.com/teams/rajasthan-royals/squad-details/11062,Chetan Sakariya,,,,,,,,,,,,,,,,,,,,,,,,,,,,,,,,,,,,,,,,,,,,,,,,,,,,,,,,,,,,,,,,,,,,,,,,,,,,,,,,,,,,,,,,,,,,,,,,,,,,,,,,,,,,,,,,,,,,,,14,1,16,7,3.20,25,64.00,0,0,2,0,4,0,,,,,,,,,,,,,,,,,,,,,,,,,,,,,,,,,,,,,,,
,,,,,,,,,,,,,,,,,,,,,,,,,,https://www.iplt20.com/teams/rajasthan-royals/squad-details/2743,KC Cariappa,,,,,,,,,,,,,,,,,,,,,,,,,,,,,,,,,,,,,,,,,,,,,,,,,,,,,,,,,,,,,,,,,,,,,,,,,,,,,,,,,,,,,,,,,,,,,,,,,,,,,,,,,,,,,,,,,,,,,,,,,,,,,,,,,,,,,,,,,,,,,,,,,,,,,,,,,,,,,,,,,,,,,,,,,
,,,,,,,,,,,,,,,,,,,,,,,,,,https://www.iplt20.com/teams/rajasthan-royals/squad-details/1594,Mustafizur Rahman,,,,,,,,,,,,,,,,,,,,,,,,,,,,,,,,,,,,,,,,,,,,,,,,,,,,,,,,,,,,,,,,,,,,,,,,,,,,,,,,,,,,,,,,,,,,,,,,,,,,,,,,,,,,,,,,,,,,,,14,5,8,8*,0.00,14,57.14,0,0,0,1,1,0,,,,,,,,,,,,,,,,,,,,,,,,,,,,,,,,,,,,,,,
,,,,,,,,,,,,,,,,,,,,,,,,,,https://www.iplt20.com/teams/rajasthan-royals/squad-details/5430,Devdutt Padikkal,,,,,,,,,,,,,,,,,,,,,,,,,,,,,,,,,,,,,,,,,,,,,,,,,,,,,,,,,,,,,,,,,,,,,,,,,,,,,,,,,,,,,,,,,,,,,,,,,,,,,,,,,,,,,,,,,,,,,,,,,,,,,,,,,,,17,0,376,54,22.12,306,122.88,0,1,40,14,5,0,11,1,261,52,26.10,200,130.50,0,2,31,6,4,0,,,,,,,,,,,,,
,,,,,,,,,,,,,,,,,,,,,,,,,,https://www.iplt20.com/teams/rajasthan-royals/squad-details/20619,Rassie Van Der Dussen,,,,,,,,,,,,,,,,,,,,,,,,,,,,,,,,,,,,,,,,,,,,,,,,,,,,,,,,,,,,,,,,,,,,,,,,,,,,,,,,,,,,,,,,,,,,,,,,,,,,,,,,,,,,,,,,,,,,,,,,,,,,,,,,,,,3,1,22,12*,11.00,24,91.67,0,0,2,0,0,0,,,,,,,,,,,,,,,,,,,,,,,,,,
,,,,,,,,,,,,,,,,,,,,,,,,,,https://www.iplt20.com/teams/rajasthan-royals/squad-details/1705,Shimron Hetmyer,,,,,,,,,,,,,,,,,,,,,,,,,,,,,,,,,,,,,,,,,,,,,,,,,,,,,,,,,,,,,,,,,,,,,,,,,,,,,,,,,,,,,,,,,,,,,,,,,,,,,,,,,,,,,,,,,,,,,,,,,,,,,,,,,,,15,8,314,59*,44.86,204,153.92,0,1,21,21,3,0,14,5,300,56*,37.50,197,152.28,0,1,12,23,11,0,12,4,113,27*,22.60,69,163.77,0,0,9,7,4,0
,,,,,,,,,,,,,,,,,,,,,,,,,,https://www.iplt20.com/teams/rajasthan-royals/squad-details/20620,Dhruv Jurel,,,,,,,,,,,,,,,,,,,,,,,,,,,,,,,,,,,,,,,,,,,,,,,,,,,,,,,,,,,,,,,,,,,,,,,,,,,,,,,,,,,,,,,,,,,,,,,,,,,,,,,,,,,,,,,,,,,,,,,,,,,,,,,,,,,,,,,,,,,,,,,,13,4,152,34*,21.71,88,172.73,0,0,11,9,1,0,14,3,195,56*,24.38,141,138.30,0,2,18,7,11,0
,,,,,,,,,,,,,,,,,,,,,,,,,,https://www.iplt20.com/teams/rajasthan-royals/squad-details/20622,Anunay Singh,,,,,,,,,,,,,,,,,,,,,,,,,,,,,,,,,,,,,,,,,,,,,,,,,,,,,,,,,,,,,,,,,,,,,,,,,,,,,,,,,,,,,,,,,,,,,,,,,,,,,,,,,,,,,,,,,,,,,,,,,,,,,,,,,,,,,,,,,,,,,,,,,,,,,,,,,,,,,,,,,,,,,,,,,
,,,,,,,,,,,,,,,,,,,,,,,,,,https://www.iplt20.com/teams/rajasthan-royals/squad-details/20617,Daryl Mitchell,,,,,,,,,,,,,,,,,,,,,,,,,,,,,,,,,,,,,,,,,,,,,,,,,,,,,,,,,,,,,,,,,,,,,,,,,,,,,,,,,,,,,,,,,,,,,,,,,,,,,,,,,,,,,,,,,,,,,,,,,,,,,,,,,,,2,0,33,17,16.50,44,75.00,0,0,1,0,2,0,,,,,,,,,,,,,,,,,,,,,,,,,,
,,,,,,,,,,,,,,,,,,,,,,,,,,https://www.iplt20.com/teams/rajasthan-royals/squad-details/8,Ravichandran Ashwin,,,,,,,,,,,,,,,,,,,,,,,,,,,,,,,,,,,,,,,,,,,,,,,,,,,,,,,,,,,,,,,,,,,,,,,,,,,,,,,,,,,,,,,,,,,,,,,,,,,,,,,,,,,,,,,,,,,,,,,,,,,,,,,,,,,17,5,191,50,27.29,135,141.48,0,1,14,9,5,0,13,4,67,30,11.17,51,131.37,0,0,5,3,1,0,14,3,86,29,14.33,74,116.22,0,0,5,4,5,0
,,,,,,,,,,,,,,,,,,,,,,,,,,https://www.iplt20.com/teams/rajasthan-royals/squad-details/20680,Corbin Bosch,,,,,,,,,,,,,,,,,,,,,,,,,,,,,,,,,,,,,,,,,,,,,,,,,,,,,,,,,,,,,,,,,,,,,,,,,,,,,,,,,,,,,,,,,,,,,,,,,,,,,,,,,,,,,,,,,,,,,,,,,,,,,,,,,,,,,,,,,,,,,,,,,,,,,,,,,,,,,,,,,,,,,,,,,
,,,,,,,,,,,,,,,,,,,,,,,,,,https://www.iplt20.com/teams/rajasthan-royals/squad-details/20621,Shubham Garhwal,,,,,,,,,,,,,,,,,,,,,,,,,,,,,,,,,,,,,,,,,,,,,,,,,,,,,,,,,,,,,,,,,,,,,,,,,,,,,,,,,,,,,,,,,,,,,,,,,,,,,,,,,,,,,,,,,,,,,,,,,,,,,,,,,,,,,,,,,,,,,,,,,,,,,,,,,,,,,,,,,,,,,,,,,
,,,,,,,,,,,,,,,,,,,,,,,,,,https://www.iplt20.com/teams/rajasthan-royals/squad-details/20616,Kuldeep Sen,,,,,,,,,,,,,,,,,,,,,,,,,,,,,,,,,,,,,,,,,,,,,,,,,,,,,,,,,,,,,,,,,,,,,,,,,,,,,,,,,,,,,,,,,,,,,,,,,,,,,,,,,,,,,,,,,,,,,,,,,,,,,,,,,,,7,1,0,0*,-,3,0.00,0,0,0,0,3,0,2,0,0,0,-,,-,0,0,0,0,0,0,3,0,0,0,-,,-,0,0,0,0,1,0
,,,,,,,,,,,,,,,,,,,,,,,,,,https://www.iplt20.com/teams/rajasthan-royals/squad-details/840,Nathan Coulter-Nile,,,,,,,,,,,,,,,,,,,,,,,,,,,,,,,,,,,,,,,,,,,,,,,,,,,,,,,,,,,,,,,,,,,,,,,,,,,,,,,,,,,,,,,,,,,,,,,,,,,,,,,,,,,,,,,,,,,,,,,,,,,,,,,,,,,1,1,1,1*,-,2,50.00,0,0,0,0,0,0,,,,,,,,,,,,,,,,,,,,,,,,,,
,,,,,,,,,,,,,,,,,,,,,,,,,,https://www.iplt20.com/teams/rajasthan-royals/squad-details/3824,Navdeep Saini,,,,,,,,,,,,,,,,,,,,,,,,,,,,,,,,,,,,,,,,,,,,,,,,,,,,,,,,,,,,,,,,,,,,,,,,,,,,,,,,,,,,,,,,,,,,,,,,,,,,,,,,,,,,,,,,,,,,,,,,,,,,,,,,,,,2,0,2,2,2.00,2,100.00,0,0,0,0,2,0,2,0,0,0,-,,-,0,0,0,0,0,0,,,,,,,,,,,,,
,,,,,,,,,,,,,,,,,,,,,,,,,,https://www.iplt20.com/teams/rajasthan-royals/squad-details/20618,Obed McCoy,,,,,,,,,,,,,,,,,,,,,,,,,,,,,,,,,,,,,,,,,,,,,,,,,,,,,,,,,,,,,,,,,,,,,,,,,,,,,,,,,,,,,,,,,,,,,,,,,,,,,,,,,,,,,,,,,,,,,,,,,,,,,,,,,,,,,,,,,,,,,,,,,,,,,,,,,,,,,,,,,,,,,,,,,
,,,,,,,,,,,,,,,,,,,,,,,,,,https://www.iplt20.com/teams/rajasthan-royals/squad-details/5105,Prasidh Krishna,,,,,,,,,,,,,,,,,,,,,,,,,,,,,,,,,,,,,,,,,,,,,,,,,,,,,,,,,,,,,,,,,,,,,,,,,,,,,,,,,,,,,,,,,,,,,,,,,,,,,,,,,,,,,,,,,,,,,,,,,,,,,,,,,,,17,2,6,4*,6.00,12,50.00,0,0,0,0,2,0,,,,,,,,,,,,,,,,,,,,,,,,,,
,,,,,,,,,,,,,,,,,,,,,,,,,,https://www.iplt20.com/teams/rajasthan-royals/squad-details/3827,Tejas Baroka,,,,,,,,,,,,,,,,,,,,,,,,,,,,,,,,,,,,,,,,,,,,,,,,,,,,,,,,,,,,,,,,,,,,,,,,,,,,,,,,,,,,,,,,,,,,,,,,,,,,,,,,,,,,,,,,,,,,,,,,,,,,,,,,,,,,,,,,,,,,,,,,,,,,,,,,,,,,,,,,,,,,,,,,,
,,,,,,,,,,,,,,,,,,,,,,,,,,https://www.iplt20.com/teams/rajasthan-royals/squad-details/969,Trent Boult,,,,,,,,,,,,,,,,,,,,,,,,,,,,,,,,,,,,,,,,,,,,,,,,,,,,,,,,,,,,,,,,,,,,,,,,,,,,,,,,,,,,,,,,,,,,,,,,,,,,,,,,,,,,,,,,,,,,,,,,,,,,,,,,,,,16,6,40,17*,20.00,29,137.93,0,0,2,1,2,0,10,3,16,15,16.00,14,114.29,0,0,1,1,5,0,15,3,14,12,7.00,16,87.50,0,0,2,0,4,0
,,,,,,,,,,,,,,,,,,,,,,,,,,https://www.iplt20.com/teams/rajasthan-royals/squad-details/111,Yuzvendra Chahal,,,,,,,,,,,,,,,,,,,,,,,,,,,,,,,,,,,,,,,,,,,,,,,,,,,,,,,,,,,,,,,,,,,,,,,,,,,,,,,,,,,,,,,,,,,,,,,,,,,,,,,,,,,,,,,,,,,,,,,,,,,,,,,,,,,17,1,5,5,5.00,8,62.50,0,0,0,0,0,0,14,0,0,0,-,,-,0,0,0,0,1,0,15,0,0,0,-,,-,0,0,0,0,5,0
,,,,,,,,,,,,,,,,,,,,,,,,,,https://www.iplt20.com/teams/rajasthan-royals/squad-details/5763,Kunal Rathore,,,,,,,,,,,,,,,,,,,,,,,,,,,,,,,,,,,,,,,,,,,,,,,,,,,,,,,,,,,,,,,,,,,,,,,,,,,,,,,,,,,,,,,,,,,,,,,,,,,,,,,,,,,,,,,,,,,,,,,,,,,,,,,,,,,,,,,,,,,,,,,,,,,,,,,,,,,,,,,,,,,,,,,,,
,,,,,,,,,,,,,,,,,,,,,,,,,,https://www.iplt20.com/teams/rajasthan-royals/squad-details/5652,Donovan Ferreira,,,,,,,,,,,,,,,,,,,,,,,,,,,,,,,,,,,,,,,,,,,,,,,,,,,,,,,,,,,,,,,,,,,,,,,,,,,,,,,,,,,,,,,,,,,,,,,,,,,,,,,,,,,,,,,,,,,,,,,,,,,,,,,,,,,,,,,,,,,,,,,,,,,,,,,,,,,,,2,0,8,7,4.00,11,72.73,0,0,0,0,2,0
,,,,,,,,,,,,,,,,,,,,,,,,,,https://www.iplt20.com/teams/rajasthan-royals/squad-details/5601,Joe RootÂ ,,,,,,,,,,,,,,,,,,,,,,,,,,,,,,,,,,,,,,,,,,,,,,,,,,,,,,,,,,,,,,,,,,,,,,,,,,,,,,,,,,,,,,,,,,,,,,,,,,,,,,,,,,,,,,,,,,,,,,,,,,,,,,,,,,,,,,,,,,,,,,,,,,,,,,,,,,,,,,,,,,,,,,,,,
,,,,,,,,,,,,,,,,,,,,,,,,,,https://www.iplt20.com/teams/rajasthan-royals/squad-details/1075,Jason Holder,,,,,,,,,,,,,,,,,,,,,,,,,,,,,,,,,,,,,,,,,,,,,,,,,,,,,,,,,,,,,,,,,,,,,,,,,,,,,,,,,,,,,,,,,,,,,,,,,,,,,,,,,,,,,,,,,,,,,,,,,,,,,,,,,,,,,,,,,,,,,,,,,,,,,,,,,,,,,,,,,,,,,,,,,
,,,,,,,,,,,,,,,,,,,,,,,,,,https://www.iplt20.com/teams/rajasthan-royals/squad-details/5651,Akash Vashisht,,,,,,,,,,,,,,,,,,,,,,,,,,,,,,,,,,,,,,,,,,,,,,,,,,,,,,,,,,,,,,,,,,,,,,,,,,,,,,,,,,,,,,,,,,,,,,,,,,,,,,,,,,,,,,,,,,,,,,,,,,,,,,,,,,,,,,,,,,,,,,,,,,,,,,,,,,,,,,,,,,,,,,,,,
,,,,,,,,,,,,,,,,,,,,,,,,,,https://www.iplt20.com/teams/rajasthan-royals/squad-details/5812,Abdul P A,,,,,,,,,,,,,,,,,,,,,,,,,,,,,,,,,,,,,,,,,,,,,,,,,,,,,,,,,,,,,,,,,,,,,,,,,,,,,,,,,,,,,,,,,,,,,,,,,,,,,,,,,,,,,,,,,,,,,,,,,,,,,,,,,,,,,,,,,,,,,,,,,,,,,,,,,,,,,,,,,,,,,,,,,
,,,,,,,,,,,,,,,,,,,,,,,,,,https://www.iplt20.com/teams/rajasthan-royals/squad-details/4944,KM Asif,,,,,,,,,,,,,,,,,,,,,,,,,,,,,,,,,,,,,,,,,,,,,,,,,,,,,,,,,,,,,,,,,,,,,,,,,,,,,,,,,,,,,,,,,,,,,,,,,,,,,,,,,,,,,,,,,,,,,,,,,,,,,,,,,,,,,,,,,,,,,,,,,,,,,,,,,,,,,,,,,,,,,,,,,
,,,,,,,,,,,,,,,,,,,,,,,,,,https://www.iplt20.com/teams/rajasthan-royals/squad-details/1112,Sandeep Sharma,,,,,,,,,,,,,,,,,,,,,,,,,,,,,,,,,,,,,,,,,,,,,,,,,,,,,,,,,,,,,,,,,,,,,,,,,,,,,,,,,,,,,,,,,,,,,,,,,,,,,,,,,,,,,,,,,,,,,,,,,,,,,,,,,,,,,,,,,,,,,,,,12,2,2,2*,-,6,33.33,0,0,0,0,4,0,10,0,0,0,-,,-,0,0,0,0,3,0
,,,,,,,,,,,,,,,,,,,,,,,,,,https://www.iplt20.com/teams/rajasthan-royals/squad-details/3187,Murugan Ashwin,,,,,,,,,,,,,,,,,,,,,,,,,,,,,,,,,,,,,,,,,,,,,,,,,,,,,,,,,,,,,,,,,,,,,,,,,,,,,,,,,,,,,,,,,,,,,,,,,,,,,,,,,,,,,,,,,,,,,,,,,,,,,,,,,,,,,,,,,,,,,,,,,,,,,,,,,,,,,,,,,,,,,,,,,
,,,,,,,,,,,,,,,,,,,,,,,,,,https://www.iplt20.com/teams/rajasthan-royals/squad-details/958,Adam Zampa,,,,,,,,,,,,,,,,,,,,,,,,,,,,,,,,,,,,,,,,,,,,,,,,,,,,,,,,,,,,,,,,,,,,,,,,,,,,,,,,,,,,,,,,,,,,,,,,,,,,,,,,,,,,,,,,,,,,,,,,,,,,,,,,,,,,,,,,,,,,,,,,,,,,,,,,,,,,,,,,,,,,,,,,,
,,,,,,,,,,,,,,,,,,,,,,,,,,https://www.iplt20.com/teams/rajasthan-royals/squad-details/3333,Rovman Powell,,,,,,,,,,,,,,,,,,,,,,,,,,,,,,,,,,,,,,,,,,,,,,,,,,,,,,,,,,,,,,,,,,,,,,,,,,,,,,,,,,,,,,,,,,,,,,,,,,,,,,,,,,,,,,,,,,,,,,,,,,,,,,,,,,,,,,,,,,,,,,,,,,,,,,,,,,,,,9,1,103,27,17.17,68,151.47,0,0,10,6,8,0
,,,,,,,,,,,,,,,,,,,,,,,,,,https://www.iplt20.com/teams/rajasthan-royals/squad-details/20688,Shubham Dubey,,,,,,,,,,,,,,,,,,,,,,,,,,,,,,,,,,,,,,,,,,,,,,,,,,,,,,,,,,,,,,,,,,,,,,,,,,,,,,,,,,,,,,,,,,,,,,,,,,,,,,,,,,,,,,,,,,,,,,,,,,,,,,,,,,,,,,,,,,,,,,,,,,,,,,,,,,,,,4,1,33,25,16.50,19,173.68,0,0,3,2,0,0
,,,,,,,,,,,,,,,,,,,,,,,,,,https://www.iplt20.com/teams/rajasthan-royals/squad-details/20697,Tom Kohler-Cadmore,,,,,,,,,,,,,,,,,,,,,,,,,,,,,,,,,,,,,,,,,,,,,,,,,,,,,,,,,,,,,,,,,,,,,,,,,,,,,,,,,,,,,,,,,,,,,,,,,,,,,,,,,,,,,,,,,,,,,,,,,,,,,,,,,,,,,,,,,,,,,,,,,,,,,,,,,,,,,3,0,48,20,16.00,54,88.89,0,0,7,1,1,0
,,,,,,,,,,,,,,,,,,,,,,,,,,https://www.iplt20.com/teams/rajasthan-royals/squad-details/20722,Tanush Kotian,,,,,,,,,,,,,,,,,,,,,,,,,,,,,,,,,,,,,,,,,,,,,,,,,,,,,,,,,,,,,,,,,,,,,,,,,,,,,,,,,,,,,,,,,,,,,,,,,,,,,,,,,,,,,,,,,,,,,,,,,,,,,,,,,,,,,,,,,,,,,,,,,,,,,,,,,,,,,1,0,24,24,24.00,31,77.42,0,0,3,0,0,0
,,,,,,,,,,,,,,,,,,,,,,,,,,https://www.iplt20.com/teams/rajasthan-royals/squad-details/20713,Abid Mushtaq,,,,,,,,,,,,,,,,,,,,,,,,,,,,,,,,,,,,,,,,,,,,,,,,,,,,,,,,,,,,,,,,,,,,,,,,,,,,,,,,,,,,,,,,,,,,,,,,,,,,,,,,,,,,,,,,,,,,,,,,,,,,,,,,,,,,,,,,,,,,,,,,,,,,,,,,,,,,,,,,,,,,,,,,,
,,,,,,,,,,,,,,,,,,,,,,,,,,https://www.iplt20.com/teams/rajasthan-royals/squad-details/1561,Avesh Khan,,,,,,,,,,,,,,,,,,,,,,,,,,,,,,,,,,,,,,,,,,,,,,,,,,,,,,,,,,,,,,,,,,,,,,,,,,,,,,,,,,,,,,,,,,,,,,,,,,,,,,,,,,,,,,,,,,,,,,,,,,,,,,,,,,,,,,,,,,,,,,,,,,,,,,,,,,,,,15,3,10,7*,-,5,200.00,0,0,1,0,2,0
,,,,,,,,,,,,,,,,,,,,,,,,,,https://www.iplt20.com/teams/rajasthan-royals/squad-details/20726,Keshav Maharaj ,,,,,,,,,,,,,,,,,,,,,,,,,,,,,,,,,,,,,,,,,,,,,,,,,,,,,,,,,,,,,,,,,,,,,,,,,,,,,,,,,,,,,,,,,,,,,,,,,,,,,,,,,,,,,,,,,,,,,,,,,,,,,,,,,,,,,,,,,,,,,,,,,,,,,,,,,,,,,2,0,1,1,1.00,2,50.00,0,0,0,0,1,0
,,,,,,,,,,,,,,,,,,,,,,,,,,https://www.iplt20.com/teams/rajasthan-royals/squad-details/20716,Nandre Burger,,,,,,,,,,,,,,,,,,,,,,,,,,,,,,,,,,,,,,,,,,,,,,,,,,,,,,,,,,,,,,,,,,,,,,,,,,,,,,,,,,,,,,,,,,,,,,,,,,,,,,,,,,,,,,,,,,,,,,,,,,,,,,,,,,,,,,,,,,,,,,,,,,,,,,,,,,,,,5,0,0,0,-,,-,0,0,0,0,2,0
